code|title_fil|case_fil|case_en|action_fil|wrong_fil|wrong_en
3.1.1|Mga serbisyo ayon sa pasilidad|Nagtanong si Aling Paz kung saan makukuha ang pagsusuri. Hawak ni BHW Mira ang kasalukuyang listahan ng serbisyo sa BHS at RHU.|Paz asks where to seek an assessment. BHW Mira has the current BHS and RHU service directory.|Tukuyin ang kailangan ni Paz, hanapin ang angkop na serbisyo at provider sa kasalukuyang directory, at sabihin kung ano pa ang kailangang kumpirmahin.|Mangakong mayroon agad na serbisyong hindi pa nakumpirma.|Promise that an unconfirmed service is available immediately.
3.1.2|Serbisyo ayon sa yugto ng buhay|May magulang, buntis at nakatatandang humihingi ng magkaibang serbisyo sa outreach ni BHW Mira.|A parent, pregnant resident and older person ask Mira about different services at an outreach visit.|Itugma ang bawat pangangailangan sa yugto ng buhay at hanapin ang tamang entry point sa aprubadong lokal na gabay.|Iisang serbisyo ang ibigay na direksiyon sa lahat kahit magkaiba ang pangangailangan.|Send everyone to the same service despite their different needs.
3.2.1|Papel ng HEPO at mga hadlang sa kalusugan|Hindi nakadalo si Rosa sa serbisyo dahil malayo ang biyahe at nawalan siya ng kita kung aalis sa trabaho.|Rosa missed a service because travel is far and leaving work means lost income.|Tukuyin ang hadlang sa pamumuhay, kausapin si Rosa nang walang sisi, at magplano ng isang hakbang kasama ang angkop na katuwang.|Sabihing wala siyang pakialam sa kalusugan dahil hindi siya nakadalo.|Say she does not care about health because she missed the visit.
3.2.2|Magalang na pakikipag-usap|Nahihiya si Liza na magtanong sa health center habang may ibang nakikinig.|Liza hesitates to ask a question at the health centre while others can hear.|Mag-alok ng pribadong usapan, magtanong nang bukas, pakinggan si Liza, at ipasuri kung tama ang pagkaunawa.|Ipaliwanag agad ang iniisip na problema ni Liza nang hindi siya pinakikinggan.|Explain what you assume Liza's problem is without listening.
3.2.3|Mensahe at paraan ayon sa kausap|Magpapalaganap si BHW Mira ng aprubadong mensahe sa nakatatanda at kabataang magkakaiba ang gamit na media.|Mira needs to share an approved message with older and younger residents who use different media.|Tukuyin ang kausap, hadlang at angkop na channel; gamitin lamang ang mensaheng nasuri ng health team.|Ipadala ang parehong hindi nasuring post sa lahat ng grupo.|Send the same unreviewed post to every group.
3.2.4|Pakikipag-usap tungkol sa panganib|May kumakalat na hindi tiyak na balita tungkol sa baha. Humihingi ng paliwanag ang mga residente.|An unconfirmed flood warning is circulating. Residents ask for an explanation.|Ihiwalay ang kumpirmadong impormasyon sa hindi pa tiyak; sabihin ang ligtas na hakbang at opisyal na update channel.|Sabihing tiyak ang hindi pa kumpirmadong balita upang mapabilis ang kilos.|Present an unconfirmed report as certain to make people act.
3.2.5|Pakikinig at pagbabalik ng tugon|Maraming magulang ang nagsasabing hindi malinaw ang iskedyul ng bakuna sa kanilang sitio.|Several parents say the vaccination schedule in their sitio is unclear.|Itala ang tema ng feedback nang walang hindi kailangang pangalan, ipasa sa health team, at sabihin kung paano ibabalik ang sagot sa komunidad.|I-post sa group chat ang pangalan at reklamo ng bawat magulang.|Post each parent's name and complaint in a group chat.
3.3.1|Usapan sa pagkain at paggalaw|Gustong magdagdag ng galaw ni Mang Ben ngunit mahaba ang oras niya sa trabaho at limitado ang budget sa pagkain.|Ben wants more activity but works long hours and has a limited food budget.|Magtanong sa nakagawiang gawain ni Ben, magbigay ng nasuring mensahe, at pumili kasama niya ng kayang gawin.|Sisihin si Ben at ipag-utos ang mamahaling pagkain at programang hindi niya kaya.|Blame Ben and prescribe an expensive plan he cannot follow.
3.3.2|Suporta sa pagpapasuso|Nagtatanong si Ana kung maayos ang pagpapasuso niya sa bagong silang na sanggol.|Ana asks whether breastfeeding her newborn is going well.|Makinig sa concern, gamitin ang kasalukuyang aprubadong gabay, at iugnay si Ana sa midwife o lactation support kung kailangan.|Magbigay ng tiyak na diagnosis o pamamaraang hindi pa naipapakita ng kwalipikadong trainer.|Give a definite diagnosis or technique not reviewed by a qualified trainer.
3.3.3|Pagkain bilang dagdag sa gatas|Anim na buwan na ang anak ni Jona. Nagtatanong siya kung paano magsisimula ng ibang pagkain.|Jona's child has reached six months. She asks how to begin foods alongside milk.|Gamitin ang kasalukuyang age guide at mga pagkaing mayroon sa bahay; ipasabi kay Jona ang susunod na hakbang.|Gumamit ng lumang dami o iskedyul nang hindi sinusuri sa aprubadong gabay.|Use an old quantity or schedule without checking the approved guide.
3.3.4|Garantisadong Pambata|May card si Nanay Elsa at hindi niya tiyak kung anong serbisyo ang due sa anak niya.|Elsa has her child's card and is unsure which service is due.|Tingnan ang kasalukuyang programa at card, ipaliwanag ang dapat kumpirmahin sa health center, at tugunan ang pangamba nang may respeto.|Magbigay ng supplement o gamot mula sa sariling hula.|Give a supplement or medicine based on a guess.
3.3.5|Pinggang Pinoy at kalusugan ng ngipin|Sa household visit, ipinakita ni Iya ang karaniwang pagkain ng bata at nagtanong tungkol sa pagsisipilyo.|Iya shows her child's usual meal and asks about tooth brushing during a home visit.|Gamitin ang nasuring plate at oral-health guide para sa angkop na edad; magpa-teach-back at ituro ang serbisyong kailangan.|Gumamit ng iisang plate o paraan sa lahat ng edad kahit hindi iyon angkop.|Use one plate or method for every age group even when it does not fit.
3.3.6|Payo at referral sa mataas na presyon|May isang BP reading si Mang Lito at nagtanong kung may hypertension na siya.|Lito has one BP reading and asks whether he has hypertension.|Ipaabot ang aktuwal na resulta, ipaliwanag ang pangangailangang sundin ang aprubadong follow-up protocol, at iugnay sa provider.|Magbigay ng diagnosis at gamot batay sa isang sukat.|Diagnose and prescribe from one reading.
3.3.7|Payo at referral sa diabetes|Madalas mauhaw si Celia at nagtatanong tungkol sa diabetes sa BHS.|Celia reports frequent thirst and asks about diabetes at the BHS.|Pakinggan ang sintomas, gamitin ang nasuring NCD guidance, at i-refer sa angkop na pagsusuri at follow-up.|Sabihing may diabetes na siya nang walang pagsusuri ng provider.|Tell her she has diabetes without provider assessment.
3.3.8|Pag-iwas at pagsusuri sa cancer|Nagtatanong si Mela kung kailan at saan maaaring magpatingin para sa isang cancer screening.|Mela asks when and where she may seek cancer screening.|Tukuyin ang uri ng concern, gumamit ng kasalukuyang screening guidance, at iugnay sa provider na makapagpapayo.|Ibigay ang edad at pagitan ng screening mula sa lumang chart nang hindi kinukumpirma.|Give screening ages and intervals from an old chart without checking.
3.4.1|Ligtas na tubig at kapaligiran|Sa pagbisita, nakita ni BHW Mira ang bukas na imbakan ng tubig at basurang malapit sa lutuan.|During a visit, Mira sees open water storage and rubbish near the cooking area.|Ilarawan ang nakitang panganib sa tubig, pagkain o basura; magmungkahi ng nasuring hakbang at angkop na katuwang.|Sisihin ang pamilya sa kalagayan ng bahay nang walang pakikinig o plano.|Blame the family for the home conditions without listening or planning.
3.4.2|Tuberculosis at suporta sa gamutan|May matagal nang ubo si Dan at nahihiyang magtanong sa health center.|Dan has had a cough for some time and is embarrassed to ask at the health centre.|Kausapin si Dan nang pribado, ipaliwanag ang kasalukuyang TB assessment route, at sundin ang awtorisadong follow-up role.|Ihayag sa kapitbahay na may TB si Dan kahit wala pang pagsusuri.|Tell neighbors Dan has TB without assessment.
3.4.3|Pag-iwas sa dengue|May naipong tubig sa paligid ng bahay ni Pio at may miyembrong may lagnat.|Water has collected around Pio's home and a family member has a fever.|Tukuyin ang maaaring pinamumugaran ng lamok, ibahagi ang nasuring prevention message, at sundin ang referral protocol sa may sakit.|Sabihing dengue na ito at ipagpaliban ang assessment.|Call it dengue and delay assessment.
3.4.4|Pagkagat ng hayop at rabies|Nakagat si Nica ng aso at hindi niya alam kung saan lalapit.|Nica was bitten by a dog and does not know where to seek help.|Ibigay ang kasalukuyang aprubadong unang tugon at agarang referral sa animal-bite service; kumpirmahin ang lokal na contact.|Hintaying magkasakit ang hayop bago humanap ng tulong.|Wait for the animal to become ill before seeking help.
3.4.5|Trangkaso at pag-iwas sa hawaan|Inaalagaan ni Aling Fely ang nakatatandang kapatid na inuubo at nagtatanong tungkol sa trangkaso.|Fely cares for an older sibling with a cough and asks about influenza.|Ibahagi ang nasuring cough etiquette at prevention message; ituro ang angkop na serbisyo at kasalukuyang bakuna kung naaangkop.|Sabihing walang kailangang gawin dahil simpleng ubo lamang ito.|Say no action is needed because it is only a cough.
3.4.6|Hepatitis nang walang stigma|Nabalitaan ni Tom na may hepatitis ang katrabaho at natatakot siyang mapalapit dito.|Tom hears that a colleague has hepatitis and fears being near them.|Linawin ang nasuring pagkakaiba ng hepatitis A, B at C, iwasan ang stigma, at ituro ang serbisyo para sa tamang payo.|Sabihing lahat ng hepatitis ay nakukuha sa karaniwang paglapit sa tao.|Say all hepatitis spreads through ordinary proximity.
3.4.7|Pag-iwas sa leptospirosis|Lumubog sa baha ang kalsada papunta sa bahay ni Jun.|The road to Jun's home is flooded.|Ibahagi ang kasalukuyang payo sa pag-iwas sa exposure at referral; itanong sa health center ang anumang gamot o espesyal na hakbang.|Magreseta ng antibiotic batay lamang sa pagkababad sa baha.|Prescribe an antibiotic solely because of flood exposure.
3.4.8|Kasalukuyang gabay sa COVID-19|May bagong lokal na advisory tungkol sa COVID-19 at may lumang poster sa BHS.|A new local COVID-19 advisory has arrived, but an older poster remains at the BHS.|Hanapin ang opisyal na kasalukuyang advisory, ipaliwanag ang naaangkop na hakbang at i-update ang mensahe sa komunidad.|Gamitin ang lumang poster kahit salungat sa bagong opisyal na advisory.|Keep using the old poster despite a newer official advisory.
3.4.9|Typhoid at ligtas na tubig|May mga nagkasakit matapos gumamit ng iisang hindi ligtas na pinagkukunan ng tubig.|Several people became ill after using the same unsafe water source.|Iugnay ang nasuring WASH prevention sa angkop na assessment at ipasa ang concern sa health team.|Magbigay ng tiyak na diagnosis sa bawat pamilya nang walang assessment.|Give every household a definite diagnosis without assessment.
3.4.10|Malaria kung may lokal na panganib|May bumalik mula sa lugar na may malaria at nagtatanong kung saan magpapatingin.|A resident returns from a malaria-relevant area and asks where to seek care.|Kumpirmahin kung may lokal o travel risk, ibahagi ang nasuring prevention message, at i-refer sa provider.|Ipagpalagay na walang malaria sa lahat ng lugar kaya hindi na kailangan ang payo.|Assume malaria is irrelevant everywhere and give no advice.
3.4.11|Ketong nang may paggalang|May matagal na patse sa balat si Ramil at umiiwas siya sa health center dahil sa hiya.|Ramil has a persistent skin patch and avoids the health centre because he feels ashamed.|Kausapin si Ramil nang pribado at walang stigma; iugnay siya sa angkop na assessment.|Tawagin siyang may ketong sa harap ng kapitbahay.|Label him as having leprosy in front of neighbors.
3.4.12|Filariasis at schistosomiasis|Sa lugar na may kaugnay na programa, may tanong tungkol sa dalawang magkaibang sakit na may environmental exposure.|In a programme-relevant area, residents ask about two distinct diseases linked to environmental exposure.|Ihiwalay ang mga sakit, gamitin ang kasalukuyang lokal na program guidance, at ituro ang tamang prevention at assessment route.|Pag-isahin ang dalawang sakit at magbigay ng iisang hindi nasuring mensahe.|Treat the two diseases as identical and give one unreviewed message.
3.5.1|Subaybayan ang bakuna ng bata|May vaccination card si Nanay Mina at hindi niya tiyak kung may nakaligtaang pagbisita ang anak niya.|Mina has her child's vaccination card and is unsure whether a visit was missed.|Ihambing ang card sa kasalukuyang aprubadong iskedyul, kumpirmahin ang hindi malinaw na tala, at ayusin ang follow-up sa health team.|Gumamit ng iskedyul sa lumang poster bilang tiyak na gabay.|Treat an old poster as the definitive current schedule.
3.5.2|Bakuna para sa adulto at nakatatanda|Nagtanong si Mang Santi kung may bakunang maaari niyang makuha sa health center.|Santi asks whether a vaccine is available to him at the health centre.|Tingnan ang kasalukuyang lokal na programa at eligibility, ipaliwanag ang makukumpirma pa lamang, at iugnay siya sa provider.|Mangakong libre at mayroon agad ang bakuna nang hindi sinusuri.|Promise that the vaccine is free and in stock without checking.
3.6.1|Pag-iwas sa paninigarilyo|Nagpapasuso si Rhea at nalalanghap ng pamilya ang usok ng sigarilyo sa bahay.|Rhea's family is exposed to cigarette smoke at home.|Humingi ng pahintulot sa usapan, magbahagi ng nasuring mensahe tungkol sa usok, at mag-alok ng konkretong suporta.|Sermunan ang naninigarilyo at tapusin ang usapan nang walang plano.|Lecture the smoker and end without a support plan.
3.6.2|Paglapit sa may concern sa droga|Nag-alala si Lorna sa paggamit ng droga ng kapatid ngunit natatakot sa tsismis.|Lorna worries about her sibling's drug use but fears gossip.|Makinig nang pribado, ilarawan ang naobserbahang concern nang walang label, at iugnay sa kwalipikadong serbisyo.|Ibahagi ang pangalan ng kapatid sa publiko upang piliting magpagamot.|Publicly name the sibling to force treatment.
3.6.3|Paglapit sa may concern sa alak|Napapansin ni Ben na naaapektuhan ng pag-inom ang gawain ng kaibigan niya.|Ben notices a friend's drinking is affecting daily activities.|Magtanong nang walang paghuhusga, tukuyin ang agarang panganib, at iugnay sa angkop na suporta.|Tawaging dependent ang tao batay lamang sa kuwento ng kaibigan.|Diagnose dependence based only on a friend's account.
3.7.1|Pakinggan ang concern sa kalusugan ng isip|Sinabi ni Lea na hirap siyang matulog at nahihiyang sabihin ito sa iba.|Lea says she has trouble sleeping and is embarrassed to tell others.|Makinig nang may paggalang, tanungin kung anong tulong ang kailangan, at ipaliwanag ang nasuring suporta sa komunidad.|Sabihing nag-iinarte lamang si Lea at huwag siyang pakinggan.|Dismiss Lea's concern as attention seeking.
3.7.2|Iugnay sa tulong sa mental health|May kasong nangangailangan ng mabilis na tulong at isa pang hindi agarang concern sa mental health.|One fictional case needs urgent help; another raises a non-urgent mental-health concern.|Suriin ang agarang kaligtasan ayon sa protocol, panatilihin ang pribadong usapan, at gamitin ang angkop na referral route.|Ipagpaliban ang agarang tulong o ipagsabi ang pribadong concern.|Delay urgent help or disclose the private concern.
3.8.1|Usapan sa kabataang may tanong sa SRH|Nagtanong si Kai nang pribado tungkol sa sexual health at natatakot mapagalitan.|Kai asks a private sexual-health question and fears being scolded.|Pakinggan nang walang panghuhusga, ibahagi ang nasuring impormasyong angkop sa edad, at ituro ang confidential service.|Hadlangan ang pagtatanong o sabihin ito sa iba nang walang batayan.|Block the question or disclose it to others without basis.
3.8.2|Pahintulot at mas ligtas na pagpili|Hindi komportable si Rina sa gusto ng partner niya at humihingi ng payo.|Rina is uncomfortable with a partner's request and asks for advice.|Ipaliwanag na mahalaga ang malayang pahintulot, pakinggan ang hangganan niya, at ituro ang serbisyo para sa mas ligtas na pagpili.|Sabihing kailangang pumayag si Rina dahil partner niya iyon.|Tell Rina she must agree because they are partners.
3.8.3|Pag-uusap sa family planning|Gustong malaman ni Mara ang mga pagpipilian sa family planning ngunit hindi pa siya nakapili.|Mara wants to learn about family-planning options but has not chosen one.|Ilarawan ang malalawak na uri ng pamamaraan gamit ang kasalukuyang gabay at ayusin ang counseling sa provider ayon sa pasiya niya.|Piliin ang pamamaraan para kay Mara nang hindi sinusuri ang kanyang pangangailangan.|Choose a method for Mara without assessing her needs.
3.8.4|Suporta sa prenatal care|Nalaman ni Dina na buntis siya at hindi pa alam ang unang pupuntahan.|Dina has learned she is pregnant and does not know where to start care.|Iugnay si Dina sa kasalukuyang prenatal service, alamin ang anumang concern na kailangang madaliin, at ayusin ang follow-up.|Hintaying malapit na ang panganganak bago magpatingin.|Wait until delivery is near before seeking care.
3.8.5|Suporta sa panganganak at agarang pag-aalaga|May buntis na nagtatanong kung saan manganak at sino ang tutulong sa sanggol.|A pregnant resident asks where to give birth and who will care for the newborn.|Gamitin ang aprubadong birth/referral plan, ihanda ang handover sa kwalipikadong team, at ipaliwanag ang sariling saklaw.|Mag-alok na gawin nang mag-isa ang klinikal na hakbang na kailangan ng trained provider.|Offer to perform a clinical procedure alone that requires a trained provider.
3.8.6|Follow-up ng ina at sanggol|Kauuwi lang nina Alma at ng sanggol at hindi nila tiyak ang susunod na check-up.|Alma and her baby have returned home and are unsure about follow-up care.|Tingnan ang kasalukuyang postnatal schedule at danger guidance, ayusin ang pagbisita, at i-refer ang concern.|Mangakong hindi na kailangan ang check-up kung mukhang maayos silang dalawa.|Promise no check-up is needed because both look well.
3.8.7|Payo sa pag-aalaga ng bagong silang|Nagtatanong si Jo kung anong dapat bantayan sa bagong silang na sanggol.|Jo asks what to watch for in a newborn.|Ibahagi ang nasuring essential-care message, magpa-teach-back, at iugnay sa provider kung may concern.|Balewalain ang iniuulat na pagbabago dahil normal daw sa lahat ng sanggol.|Dismiss a reported change as normal for every newborn.
3.9.1|Ligtas na pagtugon sa karahasan|May residenteng nagbahagi ng concern tungkol sa kaligtasan sa bahay at ayaw marinig ng iba.|A resident shares a concern about safety at home and does not want others to hear.|Makinig sa ligtas at pribadong lugar, sundin ang lokal na protection pathway, at itala lamang ang awtorisadong detalye.|Ipahayag ang kuwento sa barangay meeting nang walang pahintulot o safety plan.|Tell the story at a barangay meeting without consent or a safety plan.
3.9.2|Kaligtasan at benepisyo ng nakatatanda|Nagtatanong si Aling Tess tungkol sa ligtas na paggalaw at sa isang benepisyo ng senior citizen.|Tess asks about staying safe and about a senior-citizen benefit.|Ibahagi ang nasuring safety action at ituro kung saan kukumpirmahin ang kasalukuyang dokumento at benepisyo.|Mangako ng benepisyong hindi pa nakumpirma sa lokal na tanggapan.|Promise a benefit not confirmed by the local office.
3.9.3|Pag-iwas sa pinsala ng paputok|Maghahanda ang barangay ng mensahe bago ang pagdiriwang ng Bagong Taon.|The barangay is preparing a message before New Year celebrations.|Gumawa ng malinaw na nasuring prevention message at ilagay ang tamang urgent-care contact.|Hikayatin ang paggamit ng mapanganib na paputok upang sumaya ang selebrasyon.|Encourage hazardous fireworks for a more exciting celebration.
3.9.4|Kaligtasan sa kalsada|May lugar sa tapat ng paaralan na mahirap tawirin ng mga bata.|Children find it difficult to cross a road near the school.|Tukuyin ang tiyak na panganib, ibahagi ang ligtas na kilos, at ipasa ang concern sa angkop na barangay partner.|Sabihing ang mga bata lamang ang may pananagutan sa mapanganib na kalsada.|Say children alone are responsible for the unsafe road.
3.10.2|Sukatin at itala ang pulso|Inatasan si BHW Amira na sukatin ang pulso ng kasamang nagsasanay.|Amira is asked to measure a training partner's pulse.|Gamitin ang aprubadong paraan at oras ng pagbibilang, itala ang halaga at yunit, at iulat ang concern sa supervisor.|Hulaan ang pulso nang hindi binibilang o itinatala ang yunit.|Guess the pulse without counting or recording units.
3.10.3|Bilang ng paghinga at temperatura|May training partner si Amira na kailangang sukatin ang paghinga at temperatura.|Amira has a training partner whose breathing rate and temperature need measurement.|Gamitin ang nasuring pamamaraan at malinis na gamit; itala ang bilang, yunit at oras at iulat ang concern.|Itala ang resultang hindi nasukat o gumamit ng maruming aparato.|Record a value that was not measured or use unclean equipment.
3.10.4|Taas, haba at timbang|May sanggol at adulto sa training station na nangangailangan ng magkaibang kagamitan sa pagsukat.|An infant and an adult at a training station need different measuring equipment.|Piliin ang angkop na kagamitan, sukatin nang ligtas at may paggalang, at isulat ang tamang yunit.|Gamitin ang adult height tool sa sanggol o hulaan ang timbang.|Use an adult height tool for an infant or guess the weight.
3.10.5|Gamitin ang growth chart|May kathang-isip na tala ng edad, taas at timbang ng bata na dapat i-plot.|A fictional child's age, height and weight need plotting.|Piliin ang aprubadong chart, i-plot ang tamang punto at petsa, at ipasuri sa kwalipikadong staff ang interpretasyon.|Gumamit ng maling axis at magbigay agad ng diagnosis.|Use the wrong axis and immediately make a diagnosis.
3.10.6|Sukatin ang MUAC|Magsasanay si BHW Amira gamit ang MUAC tape at training model.|Amira practises with a MUAC tape and training model.|Hanapin ang tamang lugar ng sukat ayon sa aprubadong checklist, itala ang resulta, at sundin ang referral rule.|Higpitan nang sobra ang tape at hulaan ang kahulugan ng resulta.|Pull the tape too tightly and guess what the result means.
3.10.7|BMI at angkop na chart ayon sa edad|May tatlong kathang-isip na kaso na magkaiba ang edad at sukat.|Three fictional cases have different ages and measurements.|Piliin ang adult BMI o age-appropriate chart, ipakita ang kalkulasyon at yunit, at ipa-review ang kahulugan kung kailangan.|Gumamit ng adult BMI cut-off sa lahat ng bata.|Apply adult BMI cut-offs to every child.
3.11.1|Layunin at pag-iingat sa health records|May konsultasyon, household visit at target-client update sa isang araw ng BHW.|A BHW has a consultation, household visit and target-client update on the same day.|Piliin ang tamang record para sa bawat gawain at ilipat ang impormasyong kailangan lamang sa awtorisadong staff.|Ilagay ang lahat ng pribadong detalye sa iisang bukas na listahan.|Put all private details on one publicly accessible list.
3.11.2|Punan at i-update ang household profile|May bagong miyembro sa kathang-isip na pamilya at may nabagong tirahan.|A fictional household has a new member and a changed address.|Punan ang kasalukuyang lokal na profile, markahan ang nabagong impormasyon, at kumpirmahin ang hindi tiyak sa pamilya.|Mag-imbento ng nawawalang datos para magmukhang kumpleto ang form.|Invent missing data so the form looks complete.
3.11.3|Listahan ng WRA at buntis|May dalawang kathang-isip na household profile na dapat ilipat sa tamang target list.|Two fictional household profiles need transfer to the appropriate target lists.|Piliin ang awtorisadong field, iwasan ang duplicate, at ipasa nang pribado ang WRA at buntis/postpartum list sa midwife.|Ilipat ang lahat ng detalye sa hindi awtorisadong spreadsheet.|Copy every detail into an unauthorized spreadsheet.
3.11.4|Listahan ng bata at oral health|May bagong silang, sanggol at batang nasa paaralan sa fictional household file.|A fictional file includes a newborn, infant and school-age child.|Iuri ang bawat bata ayon sa kasalukuyang form, i-update ang target list, at markahan ang follow-up na kailangang kumpirmahin.|Ilagay ang lahat sa parehong age group kahit magkakaiba ang edad.|Put all children in the same age group despite different ages.
3.11.5|Listahan ng adulto at senior citizen|Nagbabago ang edad at follow-up status ng mga fictional client sa taunang listahan.|Fictional clients' ages and follow-up status change on an annual list.|I-update ang adult at senior list ayon sa lokal na form at ituro ang angkop na nasuring serbisyo.|Iwanang luma ang listahan at ipagpalagay na pareho pa rin ang pangangailangan.|Leave the list outdated and assume needs are unchanged.
3.11.6|Tala sa tubig, palikuran at basura|May kathang-isip na household survey tungkol sa tubig, palikuran, basura at sanitation.|A fictional survey covers a household's water, toilet, waste and sanitation conditions.|Punan ang apat na bahagi ng aprubadong environmental form at iulat ang tiyak na concern sa supervisor.|Markahang maayos ang lahat kahit may hindi pa natanong.|Mark every field satisfactory even when questions were not asked.
3.11.7|Suriin at ipasa ang mga tala|May ilang hindi tugmang petsa at nawawalang field sa fictional set ng forms.|A fictional set of forms has conflicting dates and missing fields.|Hanapin ang hindi tugma, itama gamit ang pinagmulan ng impormasyon, markahan ang hindi pa tiyak, at ipasa nang pribado.|Baguhin ang tala mula sa hula para lang makapasa sa deadline.|Change entries from guesses merely to meet the deadline.
3.12.1|Serbisyo at pamantayan ng BHS|May checklist si BHW Mira at may serbisyong hindi nakalista sa aktuwal na BHS.|Mira has a BHS checklist and notices a listed service is not currently available.|Ihambing ang aprubadong lokal na standard sa aktuwal na serbisyo at iulat ang tiyak na puwang sa responsable.|Mangako sa residente ng serbisyong nakasulat sa lumang manual ngunit wala sa BHS.|Promise a service listed in an old manual but unavailable at the BHS.
3.12.2|Kahandaan ng kagamitan sa BHS|May mga aparato sa BHS na kailangang tingnan kung mayroon at maayos ang kondisyon.|BHS equipment needs checking for presence and condition.|Gamitin ang lokal na checklist, itala ang item, kondisyon at may pananagutan, at iulat ang kulang o sira.|Markahang kumpleto ang kagamitan nang hindi ito nakikita.|Mark equipment complete without checking it.
3.12.3|Imbentaryo ng kagamitan|Hindi tugma ang bilang sa inventory sheet at sa mock BHS shelf.|The inventory sheet and mock BHS shelf have different item counts.|Bilangin muli, itala ang petsa at kondisyon, at sundin ang reconciliation process kasama ang supervisor.|Baguhin ang bilang sa papel para lamang magtugma.|Change the number on paper merely to make it match.
3.12.4|Alagaan ang BP apparatus|Gagamitin muli ang training BP device pagkatapos ng practice at may napansing problema sa cuff.|A training BP device will be reused after practice, and the cuff has a problem.|Sundin ang kasalukuyang device at infection-control guidance sa paglilinis at pagtatabi; iulat ang sira sa responsable.|Gamitin muli ang sira o maruming cuff at ayusin ang aparato nang walang awtorisasyon.|Reuse a faulty or dirty cuff and attempt an unauthorized repair.
3.12.5|Stock card at ligtas na suplay ng gamot|May bagong dating na suplay at may malapit nang mag-expire sa fictional BHS stock.|New supplies arrive while some fictional BHS stock is nearing expiry.|I-update ang stock card mula sa aktuwal na resibo at issue, sundin ang aprubadong pag-aayos, at iulat ang expired o sirang suplay.|Itago ang expired na suplay sa unahan at huwag itala ang nailabas.|Place expired stock up front and omit issued items from the record.
